{
  "amount": 0.003520008704063382,
  "hour": 0.0005842455643597644,
  "day_of_week": 0.0014458135470198363,
  "merchant_cat": 0.000299913958161091,
  "distance_km": 0.0014843609801997448,
  "trans_per_day": 0.0017156477657393199,
  "balance_ratio": 0.0015150296278675923,
  "is_international": 0.0024920471897152963,
  "velocity_1h": 0.006296855928876355,
  "log_amount": 0.003257278540497871,
  "is_night": 0.0,
  "is_weekend": 0.0012654428286806296,
  "amount_x_vel": 0.007427943712710605
}